id,comment_text,year,stars,target,neutral,negative
1,Ежиный шабаш,2024,4,2
2,отучился 4года работаю курьером самоката,2023,1,3
3,учусь на протяжении 3 лет мне нравиться узнал много нового осталось еще год думаю поступать в магистратуру,2023,4,1
4,приятный университет вежливые сотрудники и охранники подскажут если заблудитесь Вкусные перекусы в столовой,2023,5,1
5,в гардеробе работают ужасные сотрудники Хамское и неуважительное отношение,2023,1,3
6,одна звезда за работников гардероба,2023,1,3
7,любимый вуз на все времена,2023,5,1
8,ррррррррррррр,2023,4,2
9,я там учусь,2023,5,2
10,самый конченный институт в мире Хотите мучиться вам сюда,2022,1,3
11,Хамское отношение сотрудника справочной Спросила информацию насчет лицензии университета на что мне на повышенных тонах отвечает дама Девушка посмотрите сами на сайте Я уточняю в каком разделе это смотреть ответ убил Девушка я не брошу щас свою работу и не буду идти с вами по сайту Но что то подсказывает мне что работа этой женщины и заключается в том чтобы информировать людей о справках документах и тд,2023,1,3
12,Не поступайте на платное в это заведение, особенно на юрфак Чего то получится добиться и как то получится учиться  если у вас напрочь отсутствует самоуважение и вы готовы стелиться перед каждым преподавателем Лучше потратить деньги на другое место благо в городе и рядом есть альтернативы,2023,1,3
13,Хорошее учебное заведение,2023,5,1
14,Очень эстетичный институт добрые преподаватели и самый лучший Яндекс Лицей,2023,5,1
15,Возможно в других институтах АГУ более менее все хорошо но юридический это какой то ад за такие баснословные деньги мы в итоге получаем абсолютно НИЧЕГО ужасно не компетентные преподаватели отвратительная организация учебного процесса и всё это в совокупности В ЮРИДИЧЕСКОМ ПОГОЛОВНО СИДЯТ КОРРУПЦИОНЕРЫ пора уже что то с этим делать или прикрыть всю эту лавочку,2023,1,3
16,Устроили кишлак посреди города одни таджики да казахи с купленными результатами егэ Россиянам здесь делать нечего Отдельно хочу отметить Алексея Еремина преподавателя этики который отказался идти по программе изучая тему родины ведь не все из России лишь бы не обидеть выходцев с аула,2023,1,3
17,Нет парковочных мест,2023,3,2
18,За 5 звёзд жду красный диплом  PS Ну или автомат по предмету,2023,5,2
19,Очень хороший вуз Хожу туда на дополнительные занятия по теме Идеи матиматической олимпиады Принимают от пятиклассников до 11ти классников,2023,5,1
20,Учусь в юридическом институте за который плачу 130 тыс в год что очееень дорого для данного университета и при этом уровень образования оставляет желать лучшего нулевая организация учебного процесса некомпетентные преподаватели Отдельного внимания стоит вопрос с общежитием Университет абитуриентвм обещает хорошее новое общежитие но не уточняет что после первого курса вам либо вообще не предоставят общежитие либо дадут общежитие сарай политехитческого университета где невозможно просто находиться Возникает вопрос о честности руководства университета интересно куда уходят деньги студентов Ведь самый лучший университет Алтайского края не может построить общежития на всех своих учащихся Студенты ЮИ и так платят огромные суммы которые увеличиваются с каждым годом в геометрической прогрессии а получают выселение из общежития и нулевое образование Всем советую задуматься а стоит ли сюда поступать,2023,1,3
21,Согласна с многими что деньги на данный вуз совсем не стоить тратить Знаний ноль ответственности и уважения у вышестоящих ноль Важные даты сдачи экзаменов предзащит защит меняются по пять раз на неделе Могли требовать принести документы которые делаются неделю за два дня до крайней даты Но если хотите получить диплом ничего не делая этот вуз для вас Плюсом будьте головы что чтобы заселиться в общежитие после первого курса вам нужно станцевать голый танец с бубном на горе Эверест С каждый годом правила заселения всё ухудшаются и ухудшаются 8 часов мытья полов активное участие хорошая учеба никаких замечаний замечания могут появиться из неоткуда из-за плохих личных отношений с вышестоящими При этом узнать что вы не заселены на следующий год можно только в 20х числах августа за неделю а то и меньше до начала учебы Найти за это время себе жилье просто невозможно,2023,3,3
22,Надеюсь что кому то поможет этот отзыв и человек прочитавший его действительно прислушается и поймёт что поступать лучше куда угодно только не в АГУ закончила ИГН пишу конкретно про этот институт Здесь не дают реальные знания просто берут плату за обучение Большинству преподавателей все равно на студентов лекции проходили очень монотонно лишь бы отчитать материал а часто и вовсе отменялись Что касается написания дипломной работы от преподавателей тоже не стоит ждать помощи нам элементарно не смогли предоставить актуальную методичку получалось что писали на интуитивном уровне а потом вносили кучу правок выполняли уйму ненужной работы которой могло и не быть будь тут хоть что то организовано адекватно О бесплатных проверках работ на антиплагиат можно забыть платишь 100000₽ в год а 500₽ на проверку ВКР зажмут и скажут платите из своего кармана ваши проблемы Хотя в других университетах предоставляли не одну и даже не пять а больше бесплатных проверок Ну и самый неорганизованный момент в этом месте вопрос общежития 1 курс заселяют всех хотя сейчас уже и не факт остальные года можно сразу искать квартиру хотя в приемной комиссии до сих пор обманывают студентов и обещают места и бюджетникам и платникам заселяют только иностранцев не важно что у них долги по оплате долги по учебе они отвратительно ведут себя в общежитии это никого не волнует а если ты исправно платишь 22 тыс и причем одним платежом так как гражданам РФ по какой то причине запрещено делить платежи по месяцам опять же данная опция только для иностранцев если ты отлично учишься не имеешь ни одного долга соблюдаешь порядок общежития но если ты старше 1 курса и учишься платно не заселят Вот такие правила Ну из хорошего столовка в корпусе на Димитрова и то только первые два года потом испортилось тоже брусничные кексы и мясо по французски конечно там отпад были реально скучаю по ним как жаль что это единственный положительный момент за 4 года обучения,2023,1,3
23,Отношение приёмной комиссии,2023,5,1
24,ммммммммм,2023,1,2
25,Пытаясь поступить уже с подачи заявления начинаются проблемы Личный кабинет абитуриента выдает ошибку после подачи через госуслуги  в приемной комиссии моего заявления не нашли и при этом лично никто уже не примет документы Приезжала туда два дня подряд мне ничем не помогли сказали быть на связи и все обязательно проверят и перезвонят как итог  последний день подачи документов сами не звонят трубку в приемной комисси не берут Заинтересованность в абитуриентах на высшем уровне,2023,1,3
26,Лучший вуз,2023,5,1
27,Здесь не учат а только берут плату за обучение Родители подумайте прежде чем сюда отдавать детей Преподаватели периодически просто не приходят на лекции  а дети едут с пересадками на пары Два дня в неделю лекции онлайн Один день только физкультура хрен доберешся туда по морозу Занятия получается только три дня очно  по 2- 3 пары и отменяют часто  Люди  вообще что это за учёба такая какие специалисты выйдут из данного заведения и это главный университет Алтайского края знаний не дают никаких Пожалели сто раз что пошли сюда учится  просто потеряли год ,2023,1,3
28,Там моя девушка,2023,5,2
29,Писала диплом у Коноваловой на юрфаке Ходила к ней на проверку и консультации и она все читала давала рекомендации все согласовывала И вот перед защитой выдаёт что 2 глава вообще не о том Как Как она это не видела раньше Перед защитой читая сшитый диплом говорит такое Полное разочарование в вузе и в человечности Зачем так делать,2023,1,3
30,Каждый год одна и та же проблема с общежитием Заселяют иностранцев и первый курс бюджетного набора до остальных студентов администрации нет никакого дела Даже не звонят и не пишут чтобы предупредить об отсутствии мест в общежитиях Спасибо АлтГУ за то что каждый год август сентябрь мысли только об общежитии а точнее его отсутствии,2022,1,3
31,Только поступила не важно кто что но я достигнуть смогу своей цели ,2022,4,2
32,Опорный университет города Барнаула и Алтайского края,2022,4,2
33,Отвратительное учебное заведение Преподавателям нет никакого дела до студентов не дают актуальную информацию приходят на пары лишь бы отработать а иногда и вовсе не посещают свои же лекции семинары,2022,1,3
34,Лучший вуз в Алтайском крае Прекрасные преподаватели профессионалы своего дела Есть возможность вести активную студенческую жизнь,2021,5,1
35,Большой выбор факультетов и направлений грамотные преподаватели Есть возможность с пользой провести свободное от учёбы время принимая участие в различных мероприятиях Рекомендую,2021,5,1
36,Лучший вуз в крае Отличные преподаватели Очень интересно прошло мое обучение Работаю по профессии Очень благодарна преподавателям за вклад в меня Обучение на высоте Знаний предоставляют огромное кол во только учись,2021,5,1
37,Отличный вуз Завершила обучение в 2010 году работаю по специальности Спасибо за хорошее образование Обучение на высоте Знаний предоставляют огромное кол во только учись Очень рекомендую,2021,5,1
38,Нет смысла сюда поступать ужасный и старый ремонт если не хотите чтобы на Вас падала штукатурка то не поступайте сюда преподаватели не лучше чем в Ранхигсе чаще подход к обучение даже хуже на дистанте вовсе забили на студентов еще может быть такое что на физру придется ездить на другой конец города Так что если есть одинаковые факультеты с Ранхигсом поступать в АГУ нет никакого смысла Все знакомые люди которые говорили что это хороший вуз после года обучения изменили свое мнение в худшую сторону,2021,1,3
39,Общежитие 6 10 не так уж и понравилось,2021,3,3
40,На календаре 30 августа мы сидим без общежития в другом городе в полном неведении заселят ли нас вообще Спасибо за заботу об иногородних студентах любимый университет Качество образования оставляет желать лучшего как и преподавательский состав Рекомендую искать альтернативу данному учебному заведению так как в нем интересуется только вашими деньгами а не качеством полученных знаний,2021,1,3
41,Плохой вуз,2021,1,3
42,Учился тут к счастью отчислился Проживал в 5 общежитие на время карантина с соседом вынуждены были уехать по возвращению узнали что наши вещи пропали а точнее были украдены сотрудниками самого общежития запись с камер конечно же нет Вещи пропали на крупную сумму у меня и у соседа от деканата ноль реакции сотрудники общежития вообще хотели поскорее отвязаться никак не возместили и никак не извинились Обходите мимо это заведение спокойнее будете,2021,1,3
43,Это лучший Вуз в Алтайском крае Подготовка высококвалифицированных кадров Спасибо за такую возможность учиться в родном городе,2021,5,1
44,Столовка огонь остальным соболезную,2021,5,2
45,Столовая в корпусе Л  просто супер Повара  боги а особенно администратор Татьяна Поступайте на ИББ это лучшее что со мной случалось Расписание всегда удобное и подстраивается под нужды студентов а преподаватели абсолютно прекрасные люди А теперь угадайте где я сказал правду,2021,5,1
46,Ужасный вуз знаний ноль оценки ставятся не честно Хотите хорошую оценку нужно поплакаться преподавателю и принести ему презент в пакете а на предложения заслужить отметку самостоятельно строгий отказ Общежития в ужасных условиях все кроме нового пятого В остальных студенты не живут а выживают Получить справку что ты там учишься или учился практически невозможно слишком тяжелая задача для сотрудников вуза,2020,1,3
47,Учусь в первом курсе поступал 2019 году на ИМиИТ ФМиИТ Предподователи самые лучшие приятная отмасфера Всегда проводится различные мероприятия одним словом никогда будет скучно Общежитии недавно построенные в связи с чем все оборудование новое буквально нет минусов Если вы хотели поступать универтситет это то что вы искали,2020,5,1
48,5 звёзд но АГИК лучше,2019,5,2
49,Хороший вуз и преподаватели тоже,2019,5,1
50,Проведите свои студенческие годы здесь  и они будут лучшими в вашей жизни,2019,5,1
51,Любимый ВУЗ всегда именно к вам хотела и у меня получилось Думаю ближайшие 5 лет будут очень запоминающимися,2019,5,1
52,Учусь три года это самое лучшее место где я учился за свою жизнь Преподаватели все адекватные понимают юмор если что то не можешь понять разъясняют Все классы и помещения с хорошим ремонтом везде есть вай фай,2018,5,1
53,Единственный достойный вуз в крае Развивается семимильными шагами Гуманитарные направления как всегда лучшие и что здорово что технические на высоком уровне За класическим образованием и знаниями только в АГУ,2018,5,1
54,Самый распиаренный универ Алтайского края Само здание отлично выглядит только снаружи Внутри вас ждут лабиринты из кабинетов а сами эти лабиринты уже давно никто не красил,2018,3,3
55,Закончила этот университет в этом году Биологический факультет Прекрасные преподаватели в самом университете всё очень красиво Рекомендую,2018,5,1
56,Отличный университет Высококвалифицированные преподаватели множество объектов университета которые позволяют развиваться не только в научной сфере но и в спортивной и творческой,2018,5,1
57,Один из лучших классических вузов России Высококлассные преподаватели Учиться здесь  значит открыть себе дорогу в будущее,2018,5,1
58,Отличный вуз с преподавателями высокого класса Училась в нем 5 лет проблем с трудоустройством после окончания не было,2018,5,1
59,Замечательный университет моя альма матер За 6 лет обучения в нём я получил 2 диплома с отличием бакалавриата и магистратуры Учился на факультете массовых коммуникаций филологии и политологии закончил бакалавриат и магистратуру по направлению Философия Своим образованием очень доволен и ни разу о своём выборе не пожалел Университет расположен в нескольких корпусах в самом центре Барнаула Вуз имеет широчайший перечень образовательных программ от средне специального образования и бакалавриата до аспирантуры и докторантуры Обучение проводят профессиональные и компетентные преподаватели большинство из которых имеют учёную степень и учёное звание Студенческий контингент также очень хороший сюда приходят учиться целеустремлённые и умные люди желающие добиться успеха и получить новые знания,2018,5,1
60,Учусь в АГУ на факультете МКФиП направление реклама и связи с общественностью Могу прямо сказать что хуже кафедры и преподавателей я не встречала Некомпетентные преподаватели которые мало того что не дают знаний так еще и не приходят на пары и грубят Назначают консультации и не приходят Помощи от них никакой не жди не в написании курсовой не в написании диплома Если ты поощрить их вовремя то всё диплом ты не увидишь Бегите отсюда и не поступайте если вам дороги ваши нервы деньги и здоровье,2018,1,3
61,Закончила данный университет Лучший ВУЗ в Алтайском крае и для гуманитариев и для технарей это АГУ Много разных факультетов с интересными и востребованными специальностям Лыжная база билеты в бассейн баскетбол волейбол аэробика ЛФК Лига студентов КВН Подготовительные курсы для поступающих Работаю по специальности разработчиком программного обеспечения,2017,5,1
62,Давненько я конечно закончил наш ВУЗ Но остались только теплые и лучшие воспоминания Профессионализм преподавателей выше всяких похвал Работаю по специальности и думаю что это благодаря именно АлтГУ,2017,5,1
63,Закончил с отличием АГУ в этом году и поступил сюда же в магистратуру АГУбезусловный лидер по образовательным услугам в Алтайском крае также хорошо котируется и за его пределами Вуз стабильно входит в число лучших университетов России занимает высоки места в различных рейтингах И это наглядно отражает уровень образования получаемого в стенах АГУ Во первых этому способствует высокий уровень компетентности и профессионализма преподавателей большая часть из них имеют учёные степени и звания Во вторых фундаментальность и современность знаний получаемых в АГУ Университет сохраняет традиции классического образования с одной стороны а с другой идёт в ногу со временем учебные курсы постоянно модернизируются открываются новые направления подготовки В третьих вуз предоставляет широкие возможности для развития студентов и преподавателей организует научные конференции форумы проводит встречи с известными учёными писателями публицистами журналистами политиками музыкантами и тд Хорошо развито международное сотрудничество Помимо учёбы и науки студенты имеют возможность проявлять себя в спорте творчестве общественных делах и тд За особые заслуги наиболее талантливым и активным студентам выплачиваются повышенные и именные стипендии Университет имеет хорошо развитую инфраструктуру большие корпуса расположенные в самом центре города в каждом из которых есть столовые и буфеты спортзал и спортивно оздоровительный комплекс лыжную базу услугами которой могут бесплатно пользоваться студенты преподаватели и сотрудники университета базы учебных практик и отдыха расположенные в Красилово и в Чемале Вуз имеет несколько общежитий и на данный момент достраивается новое современное общежитие на 1000 мест Также следует отметить отличную работу Лиги Студентов АГУ благодаря работе которой студенты имеют возможность посещать театры филармонию музеи различные другие мероприятия по льготной цене а также участвовать в различных конкурсах соревнованиях играх и тд проводимых под эгидой Лиги Студентов Мне учиться в АГУ очень нравится о своём выборе я ни разу не пожалел знания полученные и получаемые здесь очень интересны и актуальны и дают возможность развиваться дальше и применять эти знания в разных областях Годы проведённые в стенах АГУ буду всегда вспоминать с особой теплотой В заключение хочется выразить огромную благодарность преподавателям за их нелёгкий но очень ценный труд руководителям университета за то что делают всё возможное чтобы университет процветал и выходил на более высокий уровень Ну и всем тем кто выбирает куда пойти учиться можете смело выбирать АГУ Учиться здесь очень интересно знания получаемые здесь фундаментальны современны и актуальны и образование полученное в АГУ поможет в успешном построении карьеры,2016,5,1
64,Я закончила филосовский факультет Алтайского государственного университета Мне очень нравилось учиться в АГУ и в принципе сохранила о нем только хорошие воспоминания Вуз находится в самом центре города все корпуса расположены рядом поэтому добраться туда проблем не составляет В университете есть Лига Студентов куча различных отрядов секций и клубов В общем не зря АГУ считается лучшим вузом Алтайского края Сюда действительно стоит поступить,2016,5,1
65,Я в этом году выпускаюсь из АлтГУ и уверена что для запоминающихся студенческих лет здесь есть всё Квалифицированные преподаватели прекрасная инфраструктура студенческое самоуправление выездные практики Лига Студентов миллион событий в год которые превращают серые будни в праздник Здесь каждый найдет занятие по душе Не могу отдельно не написать о базе учебных практик и отдыха Красилово которая расположена на берегу прекрасного озера Сколько же воспоминаний связано с этим местом у каждого студента Признаюсь я люблю здесь учиться и уверена что лучшие люди у нас,2016,5,1
66,Учусь на факультете психологии в магистратуре закончила бакалавриат по психологии в 2014 году Писать буду про то что знаю и где училась Проходила повышение квалификации по психоанализу в Нске беседовала со студентами НГУ и ещё из некоторых других вузов других городов Ребята у них ВООБЩЕ НЕТ ПРАКТИКИ по сравнению с нами Не знаю как на других факультетах но во многих ВУЗах даются исключительно теоретические знания а у нас идёт хорошее сочетание теории с практикой Нас научили составлять программу организовывать и проводить психологические тренинги навыкам консультирования тому на что нужно обращать внимание навыкам арт терапии проективным методам даже методики на ценностно смысловую сферу давали Мы написали много заключений учились постепенно каждый кто хотел смог этому научиться Несмотря на популярные шутки про назначение диплома о высшем образовании гордо могу сказать что диплом психолога развязал мне руки в работе по специальности Даже более того наш ВУЗ на хорошем счету по моей специальности среди работодателей и в том числе в других городах Очень была этим приятно удивлена Осталась работать на кафедре беру проектные подработки в основном проведение тренингов очень это люблю без проблем Занятия интересные Кроме теоретически ориентированных и практических занятий на отработку навыков были тренинги личностного роста как раз на фото Доступ к личной терапии Корпус Л очень приятный по сравнению с остальными корпусами чистенькие аудитории своя столовка чистенькие туалеты Говорят не барнаульские ребята думают что в АГУ поступить нереально Не слушайте пожалуйста и другим говорите что это всё не так учились учились на бюджетном ещё и стипуху неплохую получали всё время У меня была возможность поехать учиться в ТГУ или в НГУ но остановила выбор на АГУ  как ни странно не пожалела ни дня Спасибо большое всем нашим преподавателям и всему университету за такие 4 года,2015,5,1
67,Бесплатная игротека каждую среду с 18 20 и каждую субботу с 15 00 в клубе интеллектуальных и настольных игр Fox Аудитория 317 тут рады всем приходите2015,5,2
68,Спасибо большое ректору и первому проректору от благотворительного сообщества Лига добра Более 10 ребят из детского дома 6 совершенно бесплатно отдохнули 2 дня на базе Красилово Это была их самая яркая поездка за лето Отдельное спасибо за бесплатный автобус который доставлял детей туда и обратно Как хорошо что в вузе в котором я училась думают о благотворительности,2014,5,2
69,Нормальный вуз Я там учусь В корпусе есть банкомат на первом этаже и крутой буфет на 9ом Оттуда открывается шикарный вид на Ленинский проспект и борщ по 16р продают куриная котлета за 28 За 100 рублей можно спокойно покушать первое второе напиток,2013,5,1
70,Хороший университет,2024,5,1
71,Очень добрые позитивные и хорошие работники гардероба Никогда не откажут в помощи если возникли какие то проблемы Всегда доброжелательное отношение,2024,5,1
72,Хороший институт Особенно одна женщина по имени Галина Меркурьева Она работает в библиотеке Несколько раз мне предлогала свою интим услуги за деньги Берёт не дорого и берёт очень качественно Рекомендую,2024,1,2
73,Многопрофессионально,2023,5,1
74,Сначала мне нравились предподаватели но когда время дошло до защиты началась просто жесть Я начинала писать свой диплом рано и постоянно его показывала и сдавала правок было совсем мало но смотреть их совершенно не хотели постоянно переносили на потом и в открытую грубили не хотели потратить и минуты времени в указанные часы их отношение даже доводило некоторых до истерик Также комиссия составила СПИСОК ТЕХ кто сдавал комиссии на стол и на подарки а это не меньше 20к ещё плюс цветы отдельно после самой защиты Также скорее всего была подделана уникальность у некоторых ребят потому что проверили ее за день до защиты В ПЕРВЫЙ РАЗ И из за того что научный руководитель не вносил правки своевременно игнорил ребят и грубил все получили 3 на защите просто потому что они не понимали даже что с их работой не так и я в том числе Не хочу пальцем указывать на опредленных людей и предподавателей Просто если какой нибудь поступающий увидит этот отзыв то поймет к чему стоит готовиться Особенно если вы собираетесь поступать на социологию или социальную работу,2022,1,3
75,Мне тут нравится я на бюджете учусь жаловаться не хочется,2021,5,1
76,Туалеты ужасные Плохо убирают В туалете нет мыла Раковина краны унитазы дверки кабинок  ко всему противно прикасаться Нельзя по человечески сделать уборку налить жидкого мыла в специальный отсек отмыть там все Ведь запах грязь и все это для АГУ,2019,1,3
77,Из плюсов этого корпуса  нет коридоров лабиринтов пластиковые окна довольно таки уютно внутри Из минусов  кто знает кабинет 27д меня поймет этот страшный опасный коридор он очень опасный там много трещин в стенах полуразвалившаяся конструкция Ещё один минус  это скамейки в кабинете 1д Будьте осторожны вы можете порвать свои джинсы колготки об гвозди торчащие со стороны скамейки  Я испортила 2 штанов многие мои одногруппники тоже порвали джинсы,2019,5,2
78,Столовка топ шикарный корпус без всяких лабиринтов,2019,5,1
79,Отучилась 4 года на филологическом Попала в волну до слияния факультетов Потрясающие преподаватели гуру своих предметов Лекции некоторых запоминала почти наизусть Помимо знаний вуз формирует картину мира вцелом Я рекомендую,2018,5,1
80,Университет который даёт возможности развития всем кто этого хочет и к этому стремится Здесь активная студенческая жизнь много насыщенных научных мероприятий 5 лет обучения здесь я училась ещё на специалитете ярко весёло и плодотворно,2018,5,1
81,Отличный университет Превосходный преподавательский состав часто входили в положение студентов возможности пересдать были практически бесконечны Достойное образование Закончила в 2014 году знаний хватило чтобы продолжить учебу в Санкт Петербурге,2018,4,1
82,Ужасное место,2023,1,3
83,Учусь здесь в данном корпусе 3 когда карпусь как больница как с еоруже так и в нутри лагают компы а так в целом норм,2023,4,2
84,Ну что писать  не поступайте сюда ради бога если хотите сохранить свои нервы и время,2023,1,3
85,Почитайте отзывы на флампе там все подробно расписано Не рекомендую сюда поступать,2023,1,3
86,В туалете нет никогда туалетной бумаги ремонта нет нормального сушилки для рук стоят нерабочие Везде грязь особенно в уборной В столовой бегают тараканы,2022,1,3
87,Любимый университет родной Институт химии и фармацевтических технологий Замечательные преподаватели фундаментальные знания которые открывают многие дороги интересная студенческая жизнь,2022,5,1
88,Хороший корпус повсюду чисто Находиться приятно Особенно порадовал туалет для мужчин Окно открывается чисто но нет туалетной бумаги Пришлось вооружаться листами черновиков Устраните пожалуйста эту проблему,2022,2,3
89,Связаться с администрацией вообще возможно,2021,1,2
90,Учебное заведение Корпус К,2019,4,2
91,Ай ай как все там круто,2024,5,1
92,Уже больше десяти лет хожу в университет начал со студента стал сотрудником и мне кажется по масштабам во всех направлениях АГУ является самым мощным ВУЗом,2023,5,1
93,Качество образования ниже низшего количество преподаваемых часов сравнимо с колледжем вуз скатился в дыру,2023,1,3
94,Часть 1 Настало время написать свой отзыв Отношение к студентам отвратительное Даже к активистам на которых весь вуз держится которые в лепёшку разбивались и пиарили вуз где только можно сами готовили материалы участвовали в научных форумах и конференциях сами проводили их и различные активности по своим интересам Когда вузу что то надо так сразу приходят к тебе и просят помощи Спасибо вам не скажут Ваше место у параши вот ваш лозунг на четыре года учёбы В том году активисты в соц сетях даже запустили флешмоб с каким то хештегом где критиковали отношение к ним Уважаемый абитуриент слышал про общежития которые дают студентам Так вот общаги вам дадут только на первый курс Потом пляшите как хотите Иностранцем делают много поблажек во время учёбы Их даже не отчисляют Только их заселят на всё время в нормальную 5 общагу Кстати об общаге Заведущей на всё пофиг Смотрели сериал Полицейский с рублёвки Там была такая героиня которая постоянно не втупляла чё происходит Взгляд на две тысячи ярдов и Не могу знать товарищ капитан Она как будто обдолбанная Эта также К ней приходишь и на всё слышишь один ответ с изумлёнными глазами Ну и что В общаге гопники вписки устраивают студенты жалуются А в ответ Ну и что Охрана от нефиг делать докапывается до студентов и несколько раз требовала обыскивать с нифига в том числе несовершеннолетних студентов Однажды они связались с родителями и наговорили им какую то фигню про то как их дети подрались с ними и с полицией Испортили новый год Я понимаю что им скучно Но это не проблемы студентов В общагу посторонним вход запрещён Сначала висят таблички о том что туда нельзя в сентябре в связи с заселением Потом оказывается что туда никого не пускают кроме родителей Логика бетонная мы не пускаем гостей потому что студенты пытаются их сами провести Так блин они потому и пытаются их провести потому что вы не даёте весь год Хотите совет Не разговаривайте с людьми в приёмной комиссии Всем пофиг на вас главное план выполнить Ради этого вас будут отговаривать поступать на одни программы в пользу других Доходит до того что потом студенты учатся на третьем курсе и задают вопросы преподавателям о том что это вообще за направление На кого нас учат Что мы будем делать,2023,1,3
95,Хочу выразить огромную благодарность данному учебному заведению в нём ты становишься не просто человеком а настоящей личностью В данном учебном заведении есть всё для комфортной учебы и хорошего времяпровождения Начать стоит с внешнего вида корпуса корпус С выполнен в шикарном стиле смотря на него появляется еще большее желание посещать данное заведение но на мой вгляд не хватает места для отдыха студентов лавочек или что то подобное Внутри корпус выполнем в четком деловом стиле что настраивает тебя на рабочий лад Работники гардероба всегда приветливы и крайне вежливы это особенно приятно в зимнюю пору когда ты заходишь с улицы замерзший и сонный Кабинеты хорошо оборудованны создавая атмосферу полного единения с наукой В корпусе С так же есть столовая с обширным меню видно что повара работают с душой поэтому кормят там всегда вкусно Что касается предодавателей люди с хорошей квалификацией я бы даже сказал прекрасной когда приходишь к ним на пару ты узнаешь много нового и интересного открываешь для себя новые знания и сам узнаешь про себя много нового и интересного о чем раньше и подумать не мог Все гуру своего дела материал остается в голове даже после нескольких лет после окончания дисциплины Так же в данном учебном заведении я нашёл много новых друзей с которыми активно продолжаю грызть гранит науки а так часто встречаюсь в неформальной обстановке ходим в библиотеку театры музеи Подводя итоги всего мною выше сказанного можно сделать вывод что АГУ а конкретно корпус С является лучшим местом для всех абитуриентов которые еще не определились куда им поступать пусть мой отзыв поможет вам принять единсвенное верное и правильное решение которое ОПРЕДЕЛЕННО изменит вашу жизнь Выражаю огромную благодарность всему преподавательскому составу и руковдству нашего с вами любимого Юридическому института,2023,5,1
96,Это жесть капец,2023,1,2
97,Слишком много наслышана о репутации этого заведения  желание поступать сюда пропало Учитывая все отзывы выше ,2023,1,2
98, Заканчиваешь 11 классов платишь огромные деньги по меркам края за учёбу в высшем учебном заведении АлтГУ а по факту попадаешь в корпус С который выглядит хуже многих шараг Когда я выбирал место для обучения меня даже не запустили в здание Так что же внутри В корпусе есть 4 этажа в виде сплошного каридора С ремонтом да но абсолютно не эстетичный и мрачный Из плюсов могу отметить только наличие пару диванчиков на каждом из этажей хотя и то опять же мало как по мне Многие аудитории пустые и блеклые Выделяется пожалуй только С1 так как она выполнена в виде некого амфитеатра и довольно хорошо оборудована Хах забавно но посути единственное помещение где чувствуется статус и бюджет заведения Профессорский состав сильный в основном мужчины а женский персонал по моему субъективному мнению странный и неприятный есть одно чудное исключение В студ активе АлтГУ полностью разочаровался так как не увидел ничего интересного Интересных квестов не заметил или их нет а на мероприятия берут в основном своих Был дурной опыт с администрацией корпуса она неприятная Важное уточнение В главном корпусе всё хорошо проблемы только с С Понимаете в чём дело я считаю что какой бы небыл сильный и хвалёный профессорский состав а учиться нужно нам с вами товарищи И тут возникает проблема в таком месте абсолютно нет вдохновения нет желания развиваться в направлении обучения Место мрачное и душное приходишь сюда только чтобы галочку поставили по посещаемости а более тут находится желания нет Да я считаю так Считаю что за свои деньги и свой статус надо соответствовать планке Если обощить и выдвинуть тезис то Корпус С АлтГУ неприятный Тройку в оценке накинул только за преподавателей,2023,3,3
99,Была здесь на мероприятии в потоковой аудитории 1с Холодно Проекторная ткань с пятнами Удобные новые парты и скамейки только крючков не заметила Гардеробщица приветливая охранник вежливый Спасибо что есть волонтёры благодаря ним понятно куда идти Была раз в актовом зале удобные кресла достаточно место На счёт звука и света не скажу тк мы не пользовались сценой В ларьках всё что угодно кажется можно найти Но вот холод всё впечатление испортил,2022,3,3
100,Поступила в Агу в 2022 году В приемной комиссии уговорили поступать именно на факультет психологии Сейчас я вижу что преподаватели максимально халатно относятся к своей работе они даже не скрывают  что за такие огромные деньги мы получаем каплю в море как нам сказали в первом семестре Очень много предметов не относящихся к нашей структуре Вместо психологии психофизиологии и тд мы учим такие предметы  как политика и управление проектный менеджмент человек в современном мире Так как на факультете полное отсутствие квалифицированых людей нам забивают время чем попало Как вы уже поняли есть такие преподаватели которые безразлично относятся к своей работе и студентам А есть такие как Пустовалова Елена Владимировна Оскорбляет на парах ведет очень грубый диалог Если Вы повернулись головой к своему соседу то вам не место в аудитории Вас унизят при всех и попробуют сопроводить в коридор Тем кто хотят получить знания практику и понимание о своей будущей профессии Вам здесь делать нечего Ценят здесь только нерусских Факультет психология,2023,1,3
101,Мои сыновья в 2023 году поступили в АлтГУ ИИМО и ИХиХФТ Хочется сказать огромное спасибо приемной комиссии и ВУЗу за четкость и понятность процедуры поступления своевременную информацию консультации по любым вопросам всегда на связи всегда готовы помочь Очень удобные ранжированные списки понятный личный кабинет абитуриента На текущий момент уже созданы беседы с поступившими ребятами где кураторы размещают всю актуальную информацию по заселению в общежития по распределению по группам и т д На данном этапе могу сказать что АлтГУ отработал на 100,2023,4,1
102,Только преподаватели в вузе адекватные За четыре года обучения вы тут сможете а столкнуться с нехваткой мест в общежитии даже если вы иногородний два года назад они стали заселять исключительно иностранцев и перваков и то не всех б высокой ценой за платку которая явно не имеет связи с процессом обучения первые два курса занимались онлайн делали презентации по бесплатной доступной информации из интернета и так же платили 100 тысяч за обучение в с ужасным оборудованием где вам приходится часто менять флешки изза того что на компах в аудиториях сто вирусов а бедные преподаватели несут всю технику из дома г сломанными скамейками и партами д ужасным отношением к студентам в 112 аудитории которое я никогда не забуду где при тебе о тебе общаются между собой сотрудницы в третьем лице как будто тебя нет и неважно с каким вопросом ты к ним подошел е ну и конечно же будьте готовы к тому что в день выпускного вы будете весь процесс стоять особенно если вы учитесь в маленьком корпусе где 80 мест займут взрослые и родня других студентов в чем была проблема бронировать самый большой из актовых залов никто не знает,2023,1,3
103,Что за ужасная канцелярия На счет элементарных вопросов посылают прямым текстом Куда смотрит руководство кого набирают на работу Совершенно некомпетентных людей,2023,1,3
104,Почему на сайтах ВУЗа нет патриотического освещения СВО Почему в руководстве есть люди осуждающие политику президента и правительства нашей Родины,2023,1,2
105,Алтайский государственный университет Говорит Говорит сам за себя в этом году ему исполнилось 50 лет Но на мой взгляд он еще молод и еще много предстоит ему пережить и стать лучшим,2023,5,2
106,Работа приёмной комиссии и всех работников колл центра ОТВРАТИТЕЛЬНАЯ Задав вполне себе важный и адекватный вопрос касаемо сроков подачи документов получила ответ в виде односложного в следующем семестре Никакой конкретики грубый тон вытягивать приходится каждое слово Впечатления ужасные Не могут назвать даже направления ни то что рассказать о них что то Очень грустно,2023,1,3
107,плюсы прекрасные преподаватели минусы из учебного плана провели только половину очных пар нет смысла тратить время и деньги на обучение в магистратуре АлтГУ,2023,1,3
108,Как и говорят рады только иностранцам сами не учатся и им ещё и жильё такое предоставляют после первого курса русские живите на улице в коробке Не предоставляете общежитие платите нормальную стипендию чтобы хватало на съем квартиры,2023,1,3
109,112 кабинет договорной отдел такого отношения к людям не видел еще нигде Высокомерно себя ведут вечные очереди то это забудут то другое,2023,1,3
110,Рассадник соросятинского преподавательского состава,2023,1,2
111,Неплохой вуз образование на уровне Проблемы вижу лишь в некоторых корпусах Например в М корпусе очень часто встречается неочевидное расположение аудиторий можно заблудиться даже если вы давно там учитесь Ещё проблема в странном и некомпетентном персонале Яркий пример Д корпус Охранники грубые и наглые Нередки случаи хамства а то и применения силы без видимой на то причины Я прекрасно понимаю что большое количество студентов и разнообразных казусов могут выбить из колеи но это не повод на всех срываться В других корпусах я таких прецедентов с охранниками не видел,2020,4,3
112,Россиянам здесь делать нечего тут холят и лелеют только мамбетов с купленными результатами ЕГЭ Русофобный коллектив в институте географии где даже преподаватель этики обходит на парах тему Родины ведь не все с России Худшие 4 года жизни не поступайте дети сюда если не хотите бояться за свою безопасность,2023,1,3
113,Взяли деньги кто на платной основе Ну и вобщем не было списков тех кого приняли а 1 сентября ученик пришёл а ему а вы не в списках так спрашивается вы зачем брали деньги и обнадеживали Просто ужасные люди И ужасное отношение,2022,1,3
114,Каждый год проблема с общежитием Заселяют только иностранных граждан и первый курс бюджетного набора Дальше живите где хотите хоть у главного корпуса,2022,1,3
115,Обидно куда скатилась Alma mater,2023,1,3
116,Биологический факультет один из лучших в АГУ сильный состав преподавателей лаборатории оснащены необходимым оборудованием и материалами для выполнения исследовательских работ Могу сказать что каждый год именно биологический факультет АГУ занимает первое место во Всероссийской олимпиаде по биологии и экологии за это образовательному процессу и преподавателям спасибо,2020,5,1
117,Очень хороший ВУЗ преподавательской состав Уже на втором курсе ни разу не пожалела что поступила сюда,2021,5,1
118,Это лучший вуз края Множество факультетов развитое взаимодействие с ведущими мировыми университетами программы международного обмена студентов Регулярно проводятся конференции различных уровней,2019,5,1
119,Лучший ВУЗ дает много возможностей Обучалась на социологическом факультете остались только хорошие воспоминания Единственный минус был это постоянные очереди в столовой поесть на перемене было невозможно,2020,5,1
120,Этот ВУЗ ежегодно проводит величайшие проекты в истории ВУЗов России Один из самых заметных это Математические бои юных учёных математиков проводимые в Барнауле Новосибирске ежегодно и др городах Это Региональный тур при поддержке Министерства образования РФ Министерства образования Алтая Я тут был и низкий всем поклон Школа космонавтики Красноярский край,2019,5,1
121,Много обещают если вы гражданин РФ то вам тут не рады,2022,1,3
122,Ужасный университет парты низкие как для школьников в поточных аудиториях невозможно писать конспекты так как парты слишком далеко от скамеек стоят с интернетом часто проблемы,2021,1,3
123,Учусь здесь Качество образования достаточно высокое Внеучебная деятельность очень разнообразна и интересна,2019,5,1
124,Опорный вуз Алтайского края Сильный преподавательский состав и высокое качество образования Есть программа поддержки одарённых студентов Победители олимпиад получают стипендии и имеют возможность съездить в зарубежную стажировку,2019,5,1
125,Лучшая образовательная организация в Алтайском крае Недостатки есть у всех за качество образования отвечают не все За диплом АГУ краснеть точно не придется,2020,5,1
126,Очень развитая активная внеучебная деятельность множество мероприятий на любой вкус и цвет,2020,5,1
127,Во время учёбы в университете приобладала совковая атмосфера полуразрухи Старое изношенное оборудование обшарпаные стены колхозная столовая и разбитые туалеты Из за низкого проходного бала по университету плавали всякие фрики Только тяга к знаниям спасала от суровой реальности,2019,2,3
128,В принципе один из топовых вузов в городе Учился в Магистратуре и не очень много посетил мероприятий тк магистрантами не очень много уделяют внимания,2019,4,1
129,Можно получить хорошее образование но с трудоустройством проблемма после учёбы большой процент невостребованных специалистов,2020,4,3
130,Один из лучших ВУЗов России Особенно иностранцам много шансов для реализации своих проектов Так держать Желаю успехов Жаль что последный год обучение,2019,5,1
131,Агу Это опорный Вуз Я очень люблю свой Университет Мне очень нравится Я рад что поступил в этом Университет Я учусь в ФИД в 1 ом курсе 1387б г Вы тоже выберите Агу и поступите это ваш шанс Я ИЗ АГУ Я ВСЁ МОГУУУУ,2019,5,1
132,К запутанности коридоров главного корпуса не сразу можно привыкнуть Сочувствую коллегам из этого вуза так как оклады им давно не повышали,2020,4,2
133,Неплохой универ но в программе обучения слишком много предметов не по специальности из за чего сложнее понять свою специальность и подготовиться к будущему,2020,3,3
134,ВУЗ лохотрон Обёртка важнее содержимого Оборудование закуплено бездумно либо простаивает либо нет расходников либо допустим вас если пообещает что ваши проекты принесут много денег расходники берите где хотите Безграмотная кадровая политика зарплаты ниже других ВУЗов города,2019,1,3
135,С точки зрения обучения и особенно всевозможных творческих направлений очень хороший ВУЗ,2019,5,1
136,Место хорошее много возможностей для развития но нужно выбрать активную позицию чтобы это получить,2019,4,1
137,Не нравится менеджмент государственного университета Метериально техническая база не соответствует заявляемым претензиям Об остальном даже говорить не хочется,2019,3,3
138,Alma mater моя Живи и процветай вечно Спасибо за знания Биологический факультет,2020,5,1
139,Высокое качество образования отличная иидея разнообразная внеучебная деятельность,2019,5,1
140,Пять лет пролетели быстро Остались только воспоминания,2020,5,2
141,ВУЗ находится в центре города удобный проезд Предоставляют общежитие для студентов,2019,5,1
142,Родная альма матер Лучший университет в городе и лучшие преподаватели,2019,5,1
143,Я не советую особенно платникам Тупо выкачка денег и ноль знаний Говорю про юрфак,2020,1,3
144,Прекрасное учебное заведение где дают прекрасные знания и благополучное будущее,2019,5,1
145,Высокое качество образования Возможность заочного обучения Всем советую,2019,5,1
146,Отличное место хороший ремонт классные преподаватели,2019,5,1
147,Хороший преподавательский состав большой выбор специальностей,2019,5,1
148,Высокое качество образования Отзывчивые сотрудники готовые помочь,2019,5,1
149,Закончила здесь магистратуру Знания получила отличные уже 20 лет они мне пригождаются,2019,5,1
150,Моя вторая альма матер Опорный ВУЗ Алтайского края,2020,5,2
151,Хороший университет На ФМиИТ отличные преподаватели,2019,5,1
152,Хороший ВУЗ пять баллов,2021,5,1
153,Отличный универ большой выбор факультетов,2020,5,1
154,Лучшее место на земле провожу половину своего времени именно там и ни о чем не жалею,2019,5,1
155,Хороший универ особенно географический факультет,2019,4,1
156,Два поколения окончили АГУ За знаниями только сюда,2020,5,1
157,Хорошее образование,2021,5,1
158,Опорный вуз этим все сказано Очень хотелось чтобы мои дети получили здесь образование,2019,5,1
159,Лучший вуз Барнаула,2021,5,1
160,Наилучшее заведение,2021,5,1
161,Высокий уровень преподавателей лекции интересные,2019,5,1
162,Часто приглашают на профпробы Хорошо обученые студенты,2019,5,1
163,Лучший институт Агу,2020,5,1
164,Был бы лучше при бесплатном образовании,2020,1,2
165,Учусь уже на 3 курсе и ни разу не пожалела о сделанном выборе,2019,5,1
166,Лучший университет,2021,5,1
167,Тяжело найти минусы Пожалуй главный минус то это отсутствие мест в общежитии,2019,5,1
168,Высокое качество образования Лучший из ВУЗов Сибири,2019,5,1
169,Там клумбы красивые,2020,5,2
170,Самый лучший на мой взгляд ВУЗ 100 100,2019,5,1
171,Alma mater одним словом И все время в процессе в поисках в изменениях,2019,5,2
172,Прекрасный вуз в котором мне не довелось учиться ни один раз,2019,5,1
173,Отличный вуз,2021,5,1
174,Отличный вуз Самый престижный в крае,2019,5,1
175,Это лучший университет Алтая,2020,5,1
176,Лучший вуз Алтая,2020,5,1
177,наш классический Лучший,2020,5,1
178,Ездили туда классом очень понравилось,2019,5,1
179,Братья учились Теперь все при хорошей работе,2020,5,1
180,Обычный провинциальный вуз,2020,4,2
181,Один из центральных университетов города,2019,5,2
182,Самый лучший вуз России,2020,5,1
183,Вообще не нравится,2020,3,3
184,Самый высший уровень для студентов АГУ,2019,5,2
185,Замечательный университет даёт очень хорошие фундаментальные знания,2017,5,1
186,Один из лучших ВУЗ Барнаула,2019,4,1
187,Один из лучших вузов Алтайского края Большой Опорный вуз,2018,5,1
188,Отличный университет,2020,5,1
189,Самые лучшие преподаватели,2019,5,1
190,Прекрасный уневерситет советую вам молодежь,2019,5,1
191,Готовит достойные кадры,2020,5,1
192,есть все специальности можно учиться,2019,4,1
193,Высокое качество образования,2019,5,1
194,Классный универ И практики интересные,2018,5,1
195,Возможность поехать учиться по обмену,2018,4,1
196,Самый лучший ВУЗ Алтая,2019,5,1
197,Ну сойдёт,2021,3,2
198,Историко архивный отдел подвёл,2018,4,2
199,Лучший Университет в Сибири,2019,5,1
200,Хороший региональный вуз,2019,5,1
201,Не универ а Хогвартс,2020,5,2
202,Лучший университет алтайского края,2019,5,1
203,6 лет жизни отдал такое себе место,2019,2,3
204,Отличная учеба,2020,3,1
205,Обучение плохое,2020,1,3
206,Хороший вуз,2020,4,1
207,Высокое качество образования,2019,5,1
208,не идите сюда это ошибка,2019,1,3
209,Надеюсь там хорошо,2019,3,2
210,Хорошие колледж,2019,5,1
211,Метод образования он сильно отстаёт от времени,2018,3,3
212,Выходят от туда специалисты,2019,5,1
213,Все очень хорошо,2019,5,1
214,Очень плохо все обустроено,2019,1,3
215,Прекрасный университет,2018,5,1
216,много возможностей,2019,4,1
217,Любимый ВУЗ,2019,5,1
218,Лучший ВУЗ,2020,5,1
219,Высокий уровень всего что делают,2018,5,1
220,Самое лучшее заведение,2018,5,1
221,Работают на бренд,2019,3,2
222,Это университет что ещё сказать,2018,5,2
223,Хорошое место,2019,5,1
224,Да так себе местечко,2019,2,3
225,Лучший ВУЗ края,2019,5,1
226,Все классно,2019,5,1
227,Лучший университет страны,2018,5,1
228,Лучший ВУЗ Алтайского края,2019,5,1
229,Не рекомендую,2019,1,3
230,класс,2021,5,2
231,Все на высшем уровне,2019,5,1
232,Очень дорого,2019,5,3
233,Супер класс,2019,5,1
234,Очень гуд,2019,5,1
235,Добрые люди,2019,5,1
236,Конские цены,2018,1,3
237,Мне нравится,2019,5,1
238,МИЭМИС Прикладная информатика в экономике Большинство преподавателей опаздывают на занятия и речь идёт не о 5 10 минутах а о 30 и больше Некоторые вообще могу не предупредив не придти на занятие В учебном плане много предметов около 6 7 с одинаковым содержанием или же преподаватели предпочитают не парится и преподносят один и тот же материал это так и останется секретом Как много полезного с этих предметов догадайтесь сами Отдельно хотелось бы сказать об Образовательном портале сайт где преподаватели поддерживают связь со студентами если по простому Какая от него польза Мало того что каждую неделю он слетает так ещё и большинство преподавателей просто забили на его существование Возможно раньше это было мало заметно но сейчас на дистанционном обучении понятно на сколько все запущено Экзамены это отдельная история Всегда есть должники с прошлых семестров и по нормальному для них должен быть выделено отдельное время для пересдачи Но Они приходят во время экзамена и чаще всего сдают они а не вы Таким образом минимуму экзамен проходит 6 7 часов минимум Был случай когда экзамен сдавали 14 часов ещё и не все из группы успели ответить,2020,1,3
239,МИЭМИС прикладная информатика в экономике Ужасные преподаватели которым плевать на всех некоторые позволяют себе не ходить на пары Здесь оценивают твои глазки, а не знание Конечно есть и хорошие преподы но их очень мало если ты хочешь получить знания тебе точно не сюда Тут некоторые экзамены ставят экзамен в 8 утра и ставят отметку в 19 00 Если ты таджик то можешь не ходить на пары и получишь автоматом 3 если ты все сдашь и все ответишь тут как повезет могут поставить и 3 смотря как себя вести будешь Не поступайте сюда,2020,1,3
240,Если бы я сразу знала что за место АГУ никогда бы сюда не пошла учиться а именно на факультет МКФиП специальность реклама и связи с общественностью Неквалифицированные преподаватели которые мало того что не дают знаний так и не приходят на занятия Если не поощрил заместителя зав кафедры то всё считай остался без диплома Не поступайте в этот вуз на эту специальность лучше поберегите нервы и здоровье,2018,1,3
241,Сразу после окончания лицея я подал свои результаты ЕГЭ в наш  Алтайский государственный университет или сокращенно АГУ В связи с тем что прежнее место учебы тесно сотрудничало с высшим учебным заведением трудностей с поступлением у меня не возникло Вот и началась моя студенческая жизнь полная всевозможных эмоций Все студенты были распределены на две группы 66 и  67 группа Распределение происходило вслепую но несмотря на это студенты были скомпонованы так что в первой группе в основном были  заучки а  во второй те кто с помощью логических выводов  доходил до конечного верного результата  Вот именно в такой группе 67 мне и было суждено учить все 4 года чему я очень и рад  Что касается учителей то они были подобраны должным образом а именно профессора из непосредственного головного вуза Учеба учебой а отдыхать все равно нужно И как принято во многих высших учебных заведениях у нас был создан КВН куда вошли самые остроумные студенты Вот так и жили мы После успешной сдачи госэкзаменов и защиты диплома я отправился в армию откуда вернулся год назад Что касается работы то работаю не по профессии а профессия у меня экономист а там где платят достойную зарплату Но в будущем думаю что полученные мною знания обязательно пригодятся при открытии своего собственного дела Спасибо за внимание,2013,4,2
242,Алтайский государственный университет в Барнауле навсегда останется в моей памяти как второй дом Я поступила в него в 2008 г и до сих пор обучаюсь там но теперь уже в магистратуре В данный момент АлтГУ постоянно меняется в связи с образованием Азиатского университета У нас появляются новые специальности новые интеграционные магистратуры С каждым годом становится все больше студентов из стран Азии и на нашем филологическом факультете уже существует две группы студентов китайцев Правда поступать на гуманитарные специальности становится все сложнее наборы на бюджетные места постоянно сокращают Зато на технические специальности поступить можно вообще без всяких проблем так как обычно там недобор Учеба проходит в две смены которые для каждого факультета меняются каждый календарный год Т е два семестра вы учитесь в первую смену два во вторую потом все повторяется Преподаватели в АлтГУ замечательные и лично я не знаю ни одного случая взяточничества В АлтГУ очень часто проходят внеучебные мероприятия концерты выставки спортивные соревнования и различные научные конференции есть множество секций тур клуб фехтование экологический клуб и пр разные студотряды я сама была в отряде проводников В общем мне очень нравится здесь учится и я надеюсь продолжить обучение в аспирантуре и как знать может быть стать одним из сотрудников,2013,4,1
243,Я закончила математический факультет Алтайского государственного университета по специальности Прикладная математика и информатика Мне очень нравилось учиться в АГУ и в принципе сохранила о нем только хорошие воспоминания Вуз находится в самом центре города все корпуса расположены рядом поэтому добраться туда проблем не составляет Поступить было легко Проходной балл бы не очень высокий конкурс был но вполне реальный  Количество человек в группах зависит от специальности например у философов всего пять мест а вот у физиков целых сорок тогда было Учиться на матфаке сложно но вы же знаете куда поступаете Преподаватели адекватные есть такие которым сдать очень легко есть к кому придется походить на пересдачи Общежитие в АГУ есть но попасть туда довольно сложно придется пособирать справки и постоянно их подтверждать Одно общежитие находится в центре рядом с вузом два других подальше но транспорта там много ездит В университете есть Лига Студентов куча различных отрядов секций и клубов рекомендую клуб интеллектуального кино Из недостатков хочется отметить постоянную нехватку свободных аудиторий и недостаток современных учебников по информатике Из достоинств хорошее отношение к студентам наличие повышенных и именных стипендий множество различных конференций например дни молодежной науки В общем не зря АГУ считается лучшим вузом Алтайского края Сюда действительно стоит поступить Кстати работу по специальности я нашла еще на третьем курсе После производственной практики мне предложили остаться в фирме где я ее проходила и тут я и продолжаю работать,2013,4,1
244,Алтайский государственный классический университет АГУ Барнаул для меня сейчас является тем местом где я провожу большую часть своей жизни Недавно ему исполнилось 40 лет Поступала я ровно 2 года назад подавать документы можно было только на три факультета я выбрала политологию связи с общественностью и третий вариант социальная работа был выбран просто так на всякий случай Поступить я смогла только на социальную работу на другие просто не прошла по баллам конкурс был очень высок Моей мечтой был юридический но туда поступают либо льготники либо те кто в состоянии платить за обучение На моем факультете 90 девушек АГУ является одним из самых популярных ВУЗов в Алтайском крае да и вообще в Сибири Сейчас развивается сотрудничество с азиатскими университетами Для студентов созданы все условия для самореализации КВН команды студенческие отряды проводятся конкурсы красоты и талантов предлагается программа обучения за рубежом по обмену В университете создана Лига студентов в которой можно получить информацию о проводимых мероприятиях как в самом ВУЗе так и в городе студентам состоящим в Лиге предоставляются скидки в театры кино музеи и на выставки Преподаватели это отдельная тема На самом деле я удивлена их компетентностью Они справедливы в меру строги Отлично знают свое дело Мне не хочется работать по своей специальности она не интересна мне и малооплачиваема но курс расширяет мое мировоззрение и я не жалею что учусь здесь,2013,3,1
245,Начну с того что в Барнауле вы не станете грамотным провизором Я училась в АГМУ и АлтГУ Мне есть с чем сравнить Да и вообще чтобы делать выводы об АГМУ достаточно знать что 1 3 студентов не знают русский язык и вывозят чисто на взятках неожиданно да Может поэтому медицина у нас на дне По поводу коррумпированности АлтГУ сказать ничего не могу ее нет именно в ИХиХФН на счет других институтов я не знаю Начнем по порядку у вас будет множество видов химий которые вы так и не поймете Аналитическую химию ведет Щ Л В которая позволяет себе гнобить и унижать студентов Фармацевтическую химию преподавала Ч М Ю даст задание в лабораторной и уходит на несколько часов Как делать никто не знает разбирайтесь сами Хотя работа проходит иногда с весьма опасными веществами Так же эта женщина могла предупредить о том что пары нет за час до ее начала в то время как некоторые уже ехали на нее У нее вечно болел ребенок но правды мы не узнаем конечно же Основы медицинских знаний биомедицинскую этику и еще кучу предметов здесь так можно да вела Т Л И больше не работает там и слава богу Там мы изучали как мыть ребенка и вообще все что не связано с нашей специальностью Патологию вел Т А В который мог забыть явиться на пары но даже если они были то были ни о чем Ему было лень что либо рассказывать видимо как и всем преподавателям здесь Биохимию преподавал М В И Одно название лекции общий метаболизм говорит о его профессионализме Информац системы в фармации вел Г К В мы делали бесполезную работу чертили химические формулы в программе и прочий бред который нас заставляли переделывать раз так 60 не объясняя как правильно ибо мы этого не достойны Фармакология была у нас всего 2 месяца ОСНОВНЫЙ ПРЕДМЕТ В ФАРМАЦИИ 2 МЕСЯЦА ВМЕСТО ПОЛУТОРА ЛЕТ В НОРМАЛЬНОМ ВУЗЕ Вела ее Ж Г В единственный преподаватель которого можно выделить За столь короткий срок максимально возможно и доступно донесла данную дисциплину Отмечу что она самая молодая из всех очередное подтверждение что возраст не помеха быть профессионалом Управлению и экономику фармации еще один основной предмет вела обычный экономист Г О А которая точно ничего в этом не понимает Она к счастью больше не работает там По микробиологии М Д В заставлял мыть полы перед парами От этого зависело будет ли у нас пара или нет Преподаватель говорил нам ну вы же женщины Фармакогнозию преподавали Ц В Н о нем чуть позже и Т Л В о которой я писала выше По еще одному основному предмету знаний 0 Анастасия нет отчества вела практику по фарм технологии Еще один основной предмет ведет человек не имеющий отношения к фармации не образованный глупый не обязательный Она даже преподавать не имеет права дирекции как то порешала и направила ее на курсы Добавлю что учебников ни по одному предмету нет преподаватели если и дают литературу то только на платных платформах доступ к которым только из стен вуза что конечно же безумно удобно Ц В Н вел у нас буквально половину дисциплин Названия предметов разные а изучали мы на них его излюбленные парацетамол и аспирин Этот человек душевно больной обиженный на жизнь который самоутверждается за счет молодых студенток А еще у нас был такой бред два выдуманных предмета под названиями Системы доставки ЛС и Стабильность фарм продукта которые АГУ ввел впервые и обосрался Внимание Пары были дистанционно преподаватель П М П была в Новосибирске а нас заставляли ходить на пары очно и сидеть слушать ее в кабинете Кстати лицо за несколько месяцев она не показала А еще она называла нас фармакологами и коверкала медицинские термины Дилетант не иначе Так же АГУ ввел предмет Экономика здоровья на 5 курсе название уже смешит Вел ее безумный дед экономист На 5 курсе давался выбор из 7 предметов выбрать 1 и 4 предметов было обязательных Но АГУ спохватился что нам не хватает часов для получения диплома и завалил нас на 5 курсе 8 предметами в сумме вместо обещанных 5 НИР на 5 курсе шел с 30 01 2023 по 18 02 2023 приняли у нас его в середине марта и сказали что это была не защита вовсе а по факту оповестили нас что мы всей группой идем на конференцию в конце апреля Дел же нет на 5 курсе кроме как насильно на конференцию ходить Когда несчастные мы пришли на конференцию выяснилось что Ц В Н не подал заявку на ОБЯЗАТЕЛЬНУЮ конференцию На конференции было 130 человек мы должны были всех переждать чтобы выступить на ней Несколько человек ушли Оценки это чучело выставило только перед госами в его тупую голову дошло что несколько человек не присутствовало и он попросил записать очередное 20 ти минутное голосовое в вотсап которое он не прослушал а выставил тройки половине группы Пятерки конечно же только у краснодипломников которые написали 5 листов и жили дальше Красные дипломы в принципе получали оценки просто так Они даже не ходили начиная с 3 курса Люди приехали с разных городов тк у нас конечно же шла практика чтобы он опять обосрался Кстати НИР он потерял как и остальные работы Он ведет у 300 групп ему тяжело По ГОСам нам скинули огромную пачку документов для подготовки которую они сами не смогли решить Ну и аккредитация Симуляционного центра в АГУ нет поэтому ее вы будете сдавать в АГМУ среди незнакомых людей Она бесплатно но курсы стоят 5500 Директриса не поспособствовала не только оплаты но даже курсы она не смогла организовать это сделали студенты кстати ее слово там ничего не значит от слова совсем 2 из 10 студентов пошли на аккредитацию и аккредитовались остальные просто побоялись ну оно и понятно Подумайте много раз прежде чем поступать в Барнаул на провизора,2023,1,3
246, Здравствуйте Меня зовут Александр Я живу в городе Барнауле В 2016 году я закончил с отличием бакалавриат Алтайского государственного университета факультет массовых коммуникаций филологии и политологии по направлению Философия и поступил в магистратуру по этому же направлению где сейчас и обучаюсь В Алтайский государственный университет я поступил в 2012 году на философию поступил можно сказать почти случайно не хватило баллов на первые приоритеты историю и политологию Проходил по баллам на историю в педуниверситете тогда он ещё был педакадемией но в итоге остановил свой выбор на АлтГУ и философии о чём в дальнейшем ни разу не пожалел Университет мне сразу понравился большие корпуса квалифицированные и компетентные преподаватели имеющие в своём большинстве учёную степень и учёное звание готовые ответить на любой вопрос так или иначе касающийся преподаваемых предметов приятный студенческий контингент В университет поступают целеустремлённые умные люди с которыми интересно общаться проводить учебное и внеучебное время Учиться было очень интересно каждый день узнавал что то новое Относительно сложно было на 1 курсе когда было всё новое и было немало непрофильных предметов типа математики информатики и т д Потом же стало легче Группа у нас была небольшая учиться в таком коллективе было очень комфортно С 1 курса стал учиться на отлично платили хорошую повышенную стипендию затем стал участвовать в конкурсах на повышенные стипендии и 1 раз довелось быть в числе победителей этого конкурса За время учёбы также несколько раз участвовал в конференциях занимал на них призовые места получал дипломы и грамоты публиковал научные статьи Специальность в итоге очень понравилась и получив диплом бакалавра с отличием успешно поступил в магистратуру по данному направлению вместе с одногруппниками Сейчас очень рад что успешно продолжаю обучение после окончания магистратуры планирую поступать в аспирантуру Ещё пару слов добавлю про АлтГУ теперь уже про инфраструктуру и внеучебную деятельность АлтГУ имеет несколько корпусов удобно расположенных в самом центре города В каждом корпусе университета есть столовая кафе или буфеты Также у университета есть несколько общежитий и в этом году достраивается и будет сдано в эксплуатацию новое общежитие на 1000 мест Помимо учебной и научной деятельности студенты могут себя проявлять в спорте творчестве общественной деятельности и т д У университета есть свой спортивный зал и спортивный комплекс лыжную базу ботанический сад 2 базы отдыха и практик в Красилово и в Горном Алтае в Чемале Также в АлтГУ есть вокальная студия вокально инструментальная группа хор КВН театральная студия проводятся тренировки по многим видам спорта есть различные студенческие отряды В университете часто проходят разнообразные научные конференции проходят встречи с известными учёными политиками писателями поэтами актёрами музыкантами и т д Заканчивая свой отзыв хочется написать абитуриентам что поступив в АлтГУ вы точно не пожалеете АлтГУ сохраняет лидирующие позиции в сфере образовательных услуг в Алтайском крае и в Сибири входит в различные рейтинги лучших университетов В университете представлены различные направления образовательных программ начиная от технических и естественнонаучных и заканчивая гуманитарными Практически по каждому направлению бакалавриата и специалитета имеется соответствующая или очень схожая магистерская программа и аспирантура,2023,4,1
247,Пишу отзыв как студент Данный вуз не чем не примечателен Туда можно поступить через связи Заплатить где как но знакомые заплатили 20к рублей и поступили на бюджет,2023,4,3
248,Приемная комиссия полное говно не представляются ничего абсолютно какой то идиотизм Ставить день зачисления на выходные дни когда большинство офисов закрыто Звонишь проконсультироваться на тебя орут это как вообще Пришел сдать документы на отвали все,2023,1,3
249,Помойка конкретная За год обучения я отупела знаний не дают совершенно учусь на направлении медиакоммуникации всю информацию они берут из интернета Поставил всем неявку на зачёте хотя нам даже не сообщили когда, где и как,2022,1,3
250,Будучи девятиклассницей ездили мы классом на ярмарку профессий Нам раздавали карточки вузов где все расписывалось красочно о преимуществах И тогда каким то чудным образом я решила для себя поступать в Алтайский Государственный Университет,2020,1,2
251,Закончила обучение в данном вузе Работаю по специальности Обучение на высоте Знаний предоставляют огромное количество только учись Много проектной деятельности Преподаватели отличные,2021,5,1
252,Никогда даже не рассматривайте этот Вуз для поступления Преподаватели некомпетентны Не выдают даже минимум информации по своей дисциплине которая как правило очень красиво называется Расписание у них только для галочки,2019,1,3
253,Долго не мог определиться с выбором Вуза но все обратил внимание на классический университет Здесь много бюджетных мест и балл по ЕГЭ по некоторым направлениям не такой высокий для бесплатного обучения,2019,5,1
254,Поступила в ВУЗ в 2015 году первое что могу сказать это странное распределение рейтингов,2018,5,2
255,Подавала документы в данный вуз в этом году отношение к абитуриентам ужасное а к их родителям неуважительное В приемной комиссии попалась преподавательница которой видите ли не понравилось то что принесли не оригинал паспорта а копию,2019,1,3
256,Имею специальность и степень магистра Зарубежное регионоведение училась на разных факультетах ФПН и Исторический разница огромная очень сильные преподавателе на истфаке в целом ВУЗ очень хороший очень сильный и продвинутый а минусы есть везде также Достоинства инновации различные специальности отремонтирован старый корпус есть общежитие много бюджетных мест качественное образование вся инфраструктура рядом находится в центре города Барнаула Недостатки много корпусов и далеко общежитие как и везде и не всех заселяют,2018,5,1
257,Учусь в АГУ на факультете МКФиП направление реклама и связи с общественностью и положа руку на сердце могу прямо сказать что хуже кафедры и преподавателей я не встречала Достоинства Плюсов я не увидела Недостатки Неквалифицированные преподаватели,2018,1,3
258,РиСО который ныне ФМКФиП Преподаватели постоянно опаздывают на пары всю лекцию говорят о бренности бытия а потом требуют ответов Достоинства Типа престижный ВУЗ Недостатки Скотское отношение,2015,1,3
259,Здравствуйте Хочу рассказать вам про Алтайский Государственный университет Я обучаюсь в данном ВУЗЕ по специальности Юриспруденция На мой взгляд это самый лучший институт поскольку там работают достойные преподаватели которые очень много в нас вкладывают,2016,5,1
260,Связался в этим университетом в 2011 году После 1 го семестра обучения понял что профессиональных знаний я не получу здесь Университет не занимается обучением студентов а забивает их время различными культмассовыми мероприятиями Достоинства Удобное расположение корпусов ВУЗа удобно добираться от общежития Недостатки Низкий бюджет наплевательское отношение к студентам поверхностные профессиональные знания,2017,2,3
261,Хорошие преподаватели,2014,5,1
262,Обучаюсь в данном университете на факультете психологии и педагогики Хотя учусь только на первом курсе уже могу многое сказать об образовании и самом ВУЗе В университете работают квалифицированные преподаватели имеющие различные ученые степени Достоинства Качественное образование возможность заниматься вне учебной деятельностью Недостатки Большая нагрузка на старших курсах высокая стоимость образования,2014,4,1
263,Этот университет самый лучший Он входит в топ 10 университетов по России Я очень рада что поступила сюда и учусь здесь Здесь очень много разных факультетов все они по своему интересны,2017,5,1
264,Всё не так здорово здесь как описывают при поступлении Преподаватели есть которым чужды человеческие качества мест в общежитиях нет только иностранцам и студентам сиротам плюс первокурсники Сложность учебы,2014,3,3
265,Лучший университет Алтайского края Есть общероссийские рейтинги и АГУ там занимает очень приличные строчки чуть ли не 5 ВУЗ страны Требования преподавателей на порядок выше чем в других ВУЗах Барнаула,2014,5,1
266,Агу считаю этот вуз одним из лучших ВУЗов Алтайского края закончила здесь бакалавриат и магистратуру и ни чуть не пожалела что поступала именно в этот вуз Здание достаточно свежее и чистое,2017,5,1
267,С детства мечтала учиться в АГУ И моя мечта сбылась Ни на минутку не пожалела о своем выборе Прекрасные педагоги интересная учеба Не скажу что все было легко и просто Были и слезы и обиды но мы со всем успешно справились Да и без трудностей жить скучно и не интересно За годы студенчества приобрела друзей на всю жизнь,2014,5,1
268,Хорошая материальная база большие аудитории профессиональные преподаватели и сотрудники университета очень хорошая вкусная столовая кафе универ,2020,5,1
269,Хороший вуз с точки зрения просто образования Общее развитие вам здесь обеспечено но работать придется учиться на практике благо расписание это делать позволяет,2020,4,1
270,Вкусная столовая,2020,5,1
271,Прежде чем сюда поступать изучите хорошенько все возможные варианты Если их нет совсем то ладно но если есть хотя бы один то он точно будет лучше,2020,2,2
272,Ведущий ВУЗ Алтайского края Много интересного и захватывающего ждёт Вас здесь,2019,5,2
273,Очень развита внеурочная деятельность Учусь на 1 ом курсе пока всё нравится,2019,4,1
274,Лучший Вуз Алтайского края Горжусь что училась именно там,2020,5,1
275,Лучшее учебное заведение,2021,5,1
276,Учусь все нравится бом бом Ставлю класс,2020,5,1
277,Всю систему пора менять лучше поступать в Новосибирске,2019,1,3
278,Высокое качество,2020,5,1
279,Никогда сюда не поступайте,2019,1,3
280,Просто нет слов 5 звёзд,2019,5,2
281,Сын учится все нравится,2020,5,1
282,Хороший ВУЗ,2020,5,1
283,Хороший университет,2019,5,1
284,Низкие цены,2020,5,1
285,В хорошем месте,2019,4,1
286,Лучший,2019,5,1
287, Университет предлагает разнообразные курсы для студентов, 2019,4,2
288,Возможность участвовать в студенческих клубах и организациях обогащает образовательный опыт,2019,4,2
289,Студенческие мероприятия способствуют общению и развитию навыков,2019,5,2
290,Университет поддерживает стажировки для студентов в различных компаниях,2019,5,2
291,Алтайский государственный университет место где я получил отличное образование и множество полезных знаний,2020,5,1
292,На Алтае удивительная природа,2018,5,2
293,в университете часто проводятся интересные мероприятия и конференции,2020,5,2
294,Красивый корпус университета создает благоприятную обучающую атмосферу,2020,5,2
295,Студенческая жизнь в университете насыщена различными мероприятиями и инициативами,2020,5,2
296,Университет активно участвует в различных проектах и программах сотрудничества с зарубежными университетами,2019,5,2
297,Учебный процесс в АлтГУ оставляет желать лучшего нехватка квалифицированных преподавателей и устаревшие методики,2022,1,3
298,Административный персонал университета не всегда готов к оперативному решению проблем студентов и реагирует медленно на обращения,2022,1,3
299,Качество образования в АлтГУ не соответствует современным требованиям рынка труда что затрудняет трудоустройство выпускников,2022,1,3
300,Отсутствие индивидуализированного подхода к студентам и массовость обучения снижают качество образования в университете,2023,1,3
301,Программы обучения в некоторых факультетах неактуальны и не отвечают научным и технологическим трендам современности,2023,1,3
302,Университет предлагает разнообразные программы обучения но требует большего внимания к качеству преподавания,2019,3,2
303,Инфраструктура университета имеет некоторые недостатки однако общее впечатление остается на уровне,2019,3,2
304,Административный персонал старается решать проблемы студентов но иногда возникают задержки в обработке запросов,2019,3,2
305,Студенческая жизнь не так насыщена как хотелось бы но есть возможности для самореализации,2021,3,2
306,Уровень подготовки преподавателей разнится что влияет на качество образования,2021,3,2
307,Доступ к библиотечным ресурсам и учебным материалам обеспечен,2021,3,2
308,Программы стажировок предоставляют широкие возможности для практического опыта,2019,4,2
309,Внешний вид университетского комплекса впечатляет,2018,4,2
310,Столовая университета предлагает разнообразное меню,2019,4,2
311,На территории университета нет зон отдыха,2023,3,2
312,Студенческие клубы и организации активно работают на территории университета,2020,4,2
313,Учебные аудитории оснащены современным оборудованием,2024,4,2
314,У меня никогда не было мнения,2024,3,2
315,Ну он точно больше чем моя школа,2024,3,2
316,у него несколько корпусов они достаточно запутанные но со второго раза уже понятно куда идти,2024,4,2
317,ничего сказать не могу,2024,4,2
318,Не будьте как дома вам тут официально не рады Это факт,2024,3,2
319,преподы норм остальное хз,2023,4,2
320,Ну что тут сказать университет ценит только тех которые поступили на бюджет те кто поступили платно из них просто выкачивают деньги охранник на входе ужacное xaмло в корпусе навигация отсутствует,2024,2,2
321,Сколько бюджетных мест они продали в своё время государство выделяло деньги для обучения старательных ребят а они за бабки рисовали баллы на вступительных тестах всяким бездарям,2024,1,2
322,Трещина по всему зданию,2024,4,2
323,В столовой корпуса С еда очень вкусная а цены довольно бюджетные,2024,5,2
324,Самая крутая компания,2024,5,2
325,научите гардиробщиц вежливому общению пожалуйста хамят только так и седого высокого охранника желательно тоже наверное адекватное человеческое общение и отношение им не знакомы раз они так позволяют себе ужасно разговаривать со студентами кровь из ушей просто,2024,1,2
326,Хороший университет,2024,5,1
327,Не очень понравилось обучение здесь,2024,3,3
328,Нууууу нельзя говорить плохо об университете в котором еще учишься,2020,3,2
329,Самый лучший вуз Алтая,2020,5,1
330,Хороший универ,2020,5,1
331,Ну как то не зашло,2020,5,2
332,Ну начнем с капитального ремонта здания один буфет на всё многоэтажное здание холодные аудитории жвачки со времен СССР на стульях и партах,2020,3,2
333,Хорошо учат,2020,4,1
334,Отсутствие мест в общежитии для иногородних славянских студентов,2024,1,2
335,ну ооооочень дорогой ВУЗ,2024,1,2
336,Не рекомендую выбирайте другой,2024,1,3
337,Мои сыновья в 2023 году поступили в АлтГУ ИИМО и ИХиХФТ,2023,5,2
338,Хочется сказать огромное спасибо приемной комиссии и ВУЗу за четкость и понятность процедуры поступления своевременную информацию консультации по любым вопросам всегда на связи всегда готовы помочь,2023,5,2
339,Хороший педагогический состав,2020,5,1
340,корпусу явно требуется основательный косметический ремонт,2020,5,2
341,Сделайте уже ремонт аудиторий,2021,2,2
342,Отличный Университет,2020,5,1
343,люди добрые,2023,5,2
344,стипендия большая,2023,5,2
345,В 2023г Алтайскому Государственному Университету 50лет золотой юбилей,2023,2,2
346,Отношусь к первому золотому выпуску этого ВУЗА,2023,2,2
347,Хороший вуз,2019,5,1
348,ответственные преподаватели,2019,5,2
349,студенты получают достаточные знания для работы в любой сфере юридической профессии,2019,5,1
350,насыщенная студенческая жизнь,2019,5,2
351,Отличный университет и отличный преподавательский состав,2019,5,1
352,Успехов и процветания опорному вузу Алтайского края,2019,5,2
353,В этом корпусе расположен юридический и экономический факультеты,2020,5,2
354,Бегите,2019,1,2
355,ремонтик бы сделать в корпусе,2019,4,2
356,факультет а нынче институт,2019,1,2
357,Шикарное место,2021,5,1
358,4 года прошли как и не бывало,2021,5,2
359,Отличный университет,2020,5,1
360,отличные педагоги,2020,5,1
361,Был только в столовой кормят отлично,2020,5,2
362,Все отлично,2020,5,2
363,Прекрасный Вуз,2020,5,1
364,Мне интересно Но как мне подать заявку,2024,1,2
365,представители ужасные приехали в школу рекламировать свой вуз и когда кто то отказался сканировать их код для перехода на сайт тк уже выбрали Москву или Питер  нам сказали да кому вы там нужны,2024,1,2
366,здесь плохо,2023,1,3
367,Отличный университет,2023,5,1
368,Хорошее здание,2023,5,2
369,Крайне некомпетентное место,2023,1,3
370,главное уметь подлизывать,2023,1,2
371,К,2022,5,2
372,Не пожалела что выбрала именно этот вуз Приятный коллектив возможность развиваться во многих направлениях и комфортные общежития Рекомендую,2022,5,1
373,Интересно учиться нравится очень многое в этом вузе В процессе обучения можно не просто узнавать новое но и активно применять полученные знания на практике,2022,5,1
374,Прекрасный ВУЗ высокий уровень Профессионализм преподавателей,2022,5,1
375,Отличное учебное заведение,2022,5,1
376,Из того что есть однозначно лучший,2022,5,1
377,Ну университет как университет что бубнить то,2022,4,2
378,Только начал учиться очень хорошие впечатления,2022,5,1
379,Класс,2022,5,2
380,Приятное внутри и снаружи на вид здание,2022,5,2
381,Ребят не поступайте на химфак Ну если вы не против учиться с унтерами в свинарнике,2021,1,3
382,Имит рулит,2021,5,2
383,Корова,2021,5,2
384,Бессмысленное время убивание годов жизни,2021,1,2
385,Хороший университет училась здесь,2021,5,1
386,Преподаватели грамотные всё понравилось,2021,5,1
387,А можно по существу,2021,3,2
388,Ни чести ни достоинства одна лапша на ушах,2021,1,2
389,Обслуживание так себе,2021,1,2
390,Я здесь учусь,2021,5,2
391,Мир знаний священных за которым ты как за каменной стеной,2021,5,2
392,Чисто Приветливые На все вопросы услышала ответ,2021,5,2
393,Учусь в первом курсе поступал 2019 году на ИМиИТ,2020,5,2
394,Преподаватели самые лучшие приятная атмосфера,2020,5,1
395,Всегда проводятся различные мероприятия одним словом никогда будет скучно,2020,5,2
396,Плохо,2020,1,3
397,Незнаю какое там обучение но мои знакомые не жалуются,2020,4,2
398,я здесь училась и не только наукам но и жизни,2019,5,2
399,Эх,2018,5,2
400,просидеть свои штаны за мамкины деньги,2018,3,2
401,пожалуйста когда мне подать заявку на секцию 2018 года,2018,5,2
402,Буду учиться там,2018,5,2
403,Сегодня приехала в АГУ на день открытых дверей 27 мая на пр Красноармейцев 90 который должен был состояться с 9 утра и до 13 по данным с официального сайта АГУ Прийдя туда мне сказали что никто об этом и не слышал Прождала 2 часа Без результата,2017,1,2
404,Алтайский Государственный Университет,2017,5,2
405,Потому что,2017,1,2
406,Я и мой брат провели здесь одно занятие в 2007 году разговаривая со студентами,2017,5,2
407,Хочу учиться здесь,2016,5,2
408,хочу учится здесь,2016,5,2
409,Большой,2016,5,2
410,красивый шикарный,2015,5,2
411,здесь практически всё есть,2022,5,2
412,Учат новых людей,2022,3,2
413,Муравейник,2022,4,2
414,Поколение z одинаковые в любом учебном заведении,2021,4,2
415,Много мажоров,2021,4,2
416,Конкурсы интересные и тамада веселая,2021,5,2
417,Вуз обычный,2024,3,2
418,в нашем городе меня больше никуда не брали,2024,4,2
419,хороший вуз очень нрявятся преподаватели особенно с кафедры психологии,2024,5,1
420,Пожалуйста измените внешний вид свечки смотреть больно,2024,3,2
421,почему в химическом институте так мало мероприятий,2024,3,2
422,точка кипения в миэмисе крутая,2024,5,2
423,Некоторые преподаватели поражают в плохом смысле ИНГЕО,2024,2,3
424,меня отчислили после второго курса,2024,3,2
425,СТУДЕНЧЕСКАЯ ТУСОВКА САМАЯ ЛУЧШАЯ,2024,5,2
426,слишком сложно,2024,3,3
427,что делать если чужой корпус нравится больше своего,2024,4,2
428,Корпус С довольно таки красивый можно все корпуса такие же будут,2024,5,2
429,В корпусе С точно не потеряешься в отличии от Свечки,2024,4,2
430,Сделайте карту как добраться до разных аудиторией в Свечке я там 2 раза терялась,2024,3,2
431,Большие проблемы с парковкой около корпуса С машину поставить вообще негде,2024,3,2
432,Мероприятия в АГУ крутые можно их будет ещё больше,2024,5,2
433, За 4 года обучения институт не оправдал звания международного из иностранного у нас были только казахи в дистанте на первом курсе,2024,3,2
434,Ни урн ни лавочек в туалетах нет бумаги и мыла,2024,3,2
435,Учусь в колледже при этом университете зашел в корпус оформить пропуск охраник нахамил и сказал что мне здесь не место,2024,2,2
436,Планировали с сыном посетить приемную комиссию охранник не пропустил сказал нечего здесь делать ничему хорошему не научат,2024,3,2
437, У ребенка пропало желание сюда поступать в этом году заканчивает второй курс в ранхигсе,2024,2,2
438,Хоть вузу уже и 50 лет он еще молод и прогрессивен,2024,5,2
439,Каждая сессия была просто убийственная На автоматы можете не рассчитывать учить придется все,2024,3,3
440, За время моего обучения пятеро отчислились а один сменил направление,2024,4,2
441,Почему на сайтах вуза ничего не говорится о важности семьи вы президента и правительство совсем что ли не слушаете,2024,3,2
442,Куда смотрит руковолство Кто набирает этих уникумов на работу,2024,3,2
443,в свечке очень часто встречается неочевидное расположение аудиторий можно заблудиться даже если вы давно там учитесь,2024,4,2
444, Охранники доверия не вызывают,2024,4,2
445,Слишком большие обещания для такого маленького выхлопа,2023,4,2
446,Один раз видел таракана,2022,3,2
447,Недостатки есть у всех кто не без греха но в целом диплом АГУ востребован,2021,4,2
448,В 1997 году закончила его с отличием,2020,5,2
449,Я ИЗ АГУ Я ВСЕ СМОГУ,2019,5,2
450,спасибо некоторым преподавателям за отчисление с 4 курса,2020,3,2
451,Очень нравится как выглядит корпус Л снаружи,2022,5,2
452,группа 2001 самые крутые ребята,2024,5,2
453,Я не забуду эти воспоминания что подарил мне АГУ,2023,5,2
454,сколько ещë ждать ремонта,2024,3,2
455,Недавно охранник не пропустил на пары не смотря на то что я с ним здороваюсь каждый день,2023,4,2
456,Я отучилась в этом университете а теперь и мой сын учится,2019,5,2
457,Преподавательский состав наплевательски относится к студентам,2023,3,3
458,Люблю АГУ и вам советую,2024,5,1
459,меня отчислили ни за что из АГУ,2022,2,2
460,Нормальный университет есть просадки кое где но в целом пойдет,2023,4,2
461,сделайте нормальную парковку около корпуса С,2022,3,2
462,ГРУППА 403 ВЫ СИЛА,2024,5,2
463,Здорово было участвовать в программе по обмену студентов в 2018 году,2019,5,2
464,странный вуз я как будто ничего нового не узнал за 4 года,2022,2,3
465,Почему библиотека закрыта в самый нужный момент,2023,3,2
466,Общение с деканатом не заладилось там сидят какие то раздражённые люди,2021,3,2
467,отучился в АГУ на психолога в итоге пошел работать электриком,2023,3,2
468,Полное безобразие в руководстве сидят люди которым плевать на студентов,2021,2,3
469,Почему половина корпусов выглядит так страшно,2022,3,2
470,НИКОГДА НЕ ЗАБУДУ СВОЮ ГРУППУ 201а ЛУЧШИЕ,2023,5,2
471,Очень понравилось участвовать в конференции,2023,5,2
472,Защитил диплом в прошлом году здесь преподы лучшие,2022,5,1
473,Легендарный ВУЗ,2023,5,1
474,Мы час ждали пока начнется мероприятие,2023,3,2
475,я быстро слился отсюда,2021,3,2
476,Столько воспоминаний,2023,5,2
477,Новое поколение студентов цените знания которые вам здесь дают,2023,5,1
478,БЕЗ АГУ НЕ МОГУ,2022,5,2
479,жуткие очереди в столовую,2023,3,2
480,Спасибо кафедре финансов лучшие преподы,2024,5,1
481,неплохой ВУЗ,2023,4,1
482,второе высшее я полетел получать в Москву,2022,4,2
483,Институт бомба,2024,5,1
484,Особенно запомнились посвяты,2022,5,2
485,теперь я в армии,2024,4,2
486,Очень прогрессивный и современный университет,2021,5,1
